Workbook
Name List_Departments: 'Lookups'!$B$4:INDEX('Lookups'!$B:$B,COUNTA('Lookups'!$B:$B))
Name List_Priority: 'Lookups'!$D$4:INDEX('Lookups'!$D:$D,COUNTA('Lookups'!$D:$D))
Name List_Statuses: 'Lookups'!$F$4:INDEX('Lookups'!$F:$F,COUNTA('Lookups'!$F:$F))
Name List_CompanyStatus: 'Lookups'!$H$4:INDEX('Lookups'!$H:$H,COUNTA('Lookups'!$H:$H))
Name List_CompanyStage: 'Lookups'!$J$4:INDEX('Lookups'!$J:$J,COUNTA('Lookups'!$J:$J))
Name List_TaskTypes: 'Lookups'!$L$4:INDEX('Lookups'!$L:$L,COUNTA('Lookups'!$L:$L))
Name List_Currencies: 'Lookups'!$N$4:INDEX('Lookups'!$N:$N,COUNTA('Lookups'!$N:$N))
Name List_TimeCategories: 'Lookups'!$P$4:INDEX('Lookups'!$P:$P,COUNTA('Lookups'!$P:$P))
Name List_Billable: 'Lookups'!$R$4:INDEX('Lookups'!$R:$R,COUNTA('Lookups'!$R:$R))
Name List_EmployeeStatus: 'Lookups'!$T$4:INDEX('Lookups'!$T:$T,COUNTA('Lookups'!$T:$T))
Name List_CompanyNames: 'Companies'!$C$4:INDEX('Companies'!$C:$C,COUNTA('Companies'!$C:$C))
Name List_EmployeeNames: 'Employees'!$C$4:INDEX('Employees'!$C:$C,COUNTA('Employees'!$C:$C))
Name List_ProjectNames: 'Projects'!$D$4:INDEX('Projects'!$D:$D,COUNTA('Projects'!$D:$D))
Name List_TaskIDs: 'Tasks'!$B$4:INDEX('Tasks'!$B:$B,COUNTA('Tasks'!$B:$B))

Sheet Home
B2: 🚀 FounderOS — Founder Dashboard
B5: =CONCATENATE("Live snapshot as of ",TEXT(TODAY(),"dddd, mmmm d, yyyy")," — every number below is a live formula, nothing here is typed by hand.")
B7: NAVIGATE
B8: =HYPERLINK("#'Companies'!B4","🏢 Companies") | E8: =HYPERLINK("#'Projects'!B4","📁 Projects") | H8: =HYPERLINK("#'Tasks'!B4","✅ Tasks") | K8: =HYPERLINK("#'Time_Log'!B4","⏱️ Time Log") | N8: =HYPERLINK("#'Employees'!B4","🧑‍💼 Employees") | Q8: =HYPERLINK("#'Lookups'!B4","⚙️ Lookups")
B10: KEY METRICS
B11: Total Companies | E11: Active Companies | H11: Total Projects
B12: =COUNTA(Tbl_Companies[Company ID]) | E12: =COUNTIF(Tbl_Companies[Status],"Active") | H12: =COUNTA(Tbl_Projects[Project ID])
B15: Active Projects | E15: Open Tasks | H15: Overdue Tasks
B16: =COUNTIFS(Tbl_Projects[Status],"<>Completed",Tbl_Projects[Status],"<>Cancelled") | E16: =COUNTIFS(Tbl_Tasks[Status],"<>Completed",Tbl_Tasks[Status],"<>Cancelled") | H16: =COUNTIFS(Tbl_Tasks[Due Date],"<"&TODAY(),Tbl_Tasks[Status],"<>Completed",Tbl_Tasks[Status],"<>Cancelled")
B19: Due This Week | E19: Hours Logged (This Month) | H19: Total Hours Logged
B20: =COUNTIFS(Tbl_Tasks[Due Date],">="&TODAY(),Tbl_Tasks[Due Date],"<="&(TODAY()+7),Tbl_Tasks[Status],"<>Completed",Tbl_Tasks[Status],"<>Cancelled") | E20: =ROUND(SUMIFS(Tbl_TimeLog[Total Hours],Tbl_TimeLog[Date],">="&DATE(YEAR(TODAY()),MONTH(TODAY()),1)),1) | H20: =ROUND(SUM(Tbl_TimeLog[Total Hours]),1)
B24: COMPANY SNAPSHOT
B25: Company | C25: Status | D25: Stage | E25: Employees | F25: Projects | G25: Open Tasks | H25: Hours Logged
B26: =IF(ROW()-25<=COUNTA(Tbl_Companies[Company ID]),IFERROR(Companies!C4,""),"") | C26: =IF(ROW()-25<=COUNTA(Tbl_Companies[Company ID]),IFERROR(Companies!M4,""),"") | D26: =IF(ROW()-25<=COUNTA(Tbl_Companies[Company ID]),IFERROR(Companies!O4,""),"") | E26: =IF(ROW()-25<=COUNTA(Tbl_Companies[Company ID]),IFERROR(Companies!P4,""),"") | F26: =IF(ROW()-25<=COUNTA(Tbl_Companies[Company ID]),IFERROR(Companies!Q4,""),"") | G26: =IF(ROW()-25<=COUNTA(Tbl_Companies[Company ID]),IFERROR(Companies!S4,""),"") | H26: =IF(ROW()-25<=COUNTA(Tbl_Companies[Company ID]),IFERROR(Companies!U4,""),"")
B27: =IF(ROW()-25<=COUNTA(Tbl_Companies[Company ID]),IFERROR(Companies!C5,""),"") | C27: =IF(ROW()-25<=COUNTA(Tbl_Companies[Company ID]),IFERROR(Companies!M5,""),"") | D27: =IF(ROW()-25<=COUNTA(Tbl_Companies[Company ID]),IFERROR(Companies!O5,""),"") | E27: =IF(ROW()-25<=COUNTA(Tbl_Companies[Company ID]),IFERROR(Companies!P5,""),"") | F27: =IF(ROW()-25<=COUNTA(Tbl_Companies[Company ID]),IFERROR(Companies!Q5,""),"") | G27: =IF(ROW()-25<=COUNTA(Tbl_Companies[Company ID]),IFERROR(Companies!S5,""),"") | H27: =IF(ROW()-25<=COUNTA(Tbl_Companies[Company ID]),IFERROR(Companies!U5,""),"")
B28: =IF(ROW()-25<=COUNTA(Tbl_Companies[Company ID]),IFERROR(Companies!C6,""),"") | C28: =IF(ROW()-25<=COUNTA(Tbl_Companies[Company ID]),IFERROR(Companies!M6,""),"") | D28: =IF(ROW()-25<=COUNTA(Tbl_Companies[Company ID]),IFERROR(Companies!O6,""),"") | E28: =IF(ROW()-25<=COUNTA(Tbl_Companies[Company ID]),IFERROR(Companies!P6,""),"") | F28: =IF(ROW()-25<=COUNTA(Tbl_Companies[Company ID]),IFERROR(Companies!Q6,""),"") | G28: =IF(ROW()-25<=COUNTA(Tbl_Companies[Company ID]),IFERROR(Companies!S6,""),"") | H28: =IF(ROW()-25<=COUNTA(Tbl_Companies[Company ID]),IFERROR(Companies!U6,""),"")
B29: =IF(ROW()-25<=COUNTA(Tbl_Companies[Company ID]),IFERROR(Companies!C7,""),"") | C29: =IF(ROW()-25<=COUNTA(Tbl_Companies[Company ID]),IFERROR(Companies!M7,""),"") | D29: =IF(ROW()-25<=COUNTA(Tbl_Companies[Company ID]),IFERROR(Companies!O7,""),"") | E29: =IF(ROW()-25<=COUNTA(Tbl_Companies[Company ID]),IFERROR(Companies!P7,""),"") | F29: =IF(ROW()-25<=COUNTA(Tbl_Companies[Company ID]),IFERROR(Companies!Q7,""),"") | G29: =IF(ROW()-25<=COUNTA(Tbl_Companies[Company ID]),IFERROR(Companies!S7,""),"") | H29: =IF(ROW()-25<=COUNTA(Tbl_Companies[Company ID]),IFERROR(Companies!U7,""),"")
B30: =IF(ROW()-25<=COUNTA(Tbl_Companies[Company ID]),IFERROR(Companies!C8,""),"") | C30: =IF(ROW()-25<=COUNTA(Tbl_Companies[Company ID]),IFERROR(Companies!M8,""),"") | D30: =IF(ROW()-25<=COUNTA(Tbl_Companies[Company ID]),IFERROR(Companies!O8,""),"") | E30: =IF(ROW()-25<=COUNTA(Tbl_Companies[Company ID]),IFERROR(Companies!P8,""),"") | F30: =IF(ROW()-25<=COUNTA(Tbl_Companies[Company ID]),IFERROR(Companies!Q8,""),"") | G30: =IF(ROW()-25<=COUNTA(Tbl_Companies[Company ID]),IFERROR(Companies!S8,""),"") | H30: =IF(ROW()-25<=COUNTA(Tbl_Companies[Company ID]),IFERROR(Companies!U8,""),"")
B31: =IF(ROW()-25<=COUNTA(Tbl_Companies[Company ID]),IFERROR(Companies!C9,""),"") | C31: =IF(ROW()-25<=COUNTA(Tbl_Companies[Company ID]),IFERROR(Companies!M9,""),"") | D31: =IF(ROW()-25<=COUNTA(Tbl_Companies[Company ID]),IFERROR(Companies!O9,""),"") | E31: =IF(ROW()-25<=COUNTA(Tbl_Companies[Company ID]),IFERROR(Companies!P9,""),"") | F31: =IF(ROW()-25<=COUNTA(Tbl_Companies[Company ID]),IFERROR(Companies!Q9,""),"") | G31: =IF(ROW()-25<=COUNTA(Tbl_Companies[Company ID]),IFERROR(Companies!S9,""),"") | H31: =IF(ROW()-25<=COUNTA(Tbl_Companies[Company ID]),IFERROR(Companies!U9,""),"")
B32: =IF(ROW()-25<=COUNTA(Tbl_Companies[Company ID]),IFERROR(Companies!C10,""),"") | C32: =IF(ROW()-25<=COUNTA(Tbl_Companies[Company ID]),IFERROR(Companies!M10,""),"") | D32: =IF(ROW()-25<=COUNTA(Tbl_Companies[Company ID]),IFERROR(Companies!O10,""),"") | E32: =IF(ROW()-25<=COUNTA(Tbl_Companies[Company ID]),IFERROR(Companies!P10,""),"") | F32: =IF(ROW()-25<=COUNTA(Tbl_Companies[Company ID]),IFERROR(Companies!Q10,""),"") | G32: =IF(ROW()-25<=COUNTA(Tbl_Companies[Company ID]),IFERROR(Companies!S10,""),"") | H32: =IF(ROW()-25<=COUNTA(Tbl_Companies[Company ID]),IFERROR(Companies!U10,""),"")
B33: =IF(ROW()-25<=COUNTA(Tbl_Companies[Company ID]),IFERROR(Companies!C11,""),"") | C33: =IF(ROW()-25<=COUNTA(Tbl_Companies[Company ID]),IFERROR(Companies!M11,""),"") | D33: =IF(ROW()-25<=COUNTA(Tbl_Companies[Company ID]),IFERROR(Companies!O11,""),"") | E33: =IF(ROW()-25<=COUNTA(Tbl_Companies[Company ID]),IFERROR(Companies!P11,""),"") | F33: =IF(ROW()-25<=COUNTA(Tbl_Companies[Company ID]),IFERROR(Companies!Q11,""),"") | G33: =IF(ROW()-25<=COUNTA(Tbl_Companies[Company ID]),IFERROR(Companies!S11,""),"") | H33: =IF(ROW()-25<=COUNTA(Tbl_Companies[Company ID]),IFERROR(Companies!U11,""),"")
B34: =IF(ROW()-25<=COUNTA(Tbl_Companies[Company ID]),IFERROR(Companies!C12,""),"") | C34: =IF(ROW()-25<=COUNTA(Tbl_Companies[Company ID]),IFERROR(Companies!M12,""),"") | D34: =IF(ROW()-25<=COUNTA(Tbl_Companies[Company ID]),IFERROR(Companies!O12,""),"") | E34: =IF(ROW()-25<=COUNTA(Tbl_Companies[Company ID]),IFERROR(Companies!P12,""),"") | F34: =IF(ROW()-25<=COUNTA(Tbl_Companies[Company ID]),IFERROR(Companies!Q12,""),"") | G34: =IF(ROW()-25<=COUNTA(Tbl_Companies[Company ID]),IFERROR(Companies!S12,""),"") | H34: =IF(ROW()-25<=COUNTA(Tbl_Companies[Company ID]),IFERROR(Companies!U12,""),"")
B35: =IF(ROW()-25<=COUNTA(Tbl_Companies[Company ID]),IFERROR(Companies!C13,""),"") | C35: =IF(ROW()-25<=COUNTA(Tbl_Companies[Company ID]),IFERROR(Companies!M13,""),"") | D35: =IF(ROW()-25<=COUNTA(Tbl_Companies[Company ID]),IFERROR(Companies!O13,""),"") | E35: =IF(ROW()-25<=COUNTA(Tbl_Companies[Company ID]),IFERROR(Companies!P13,""),"") | F35: =IF(ROW()-25<=COUNTA(Tbl_Companies[Company ID]),IFERROR(Companies!Q13,""),"") | G35: =IF(ROW()-25<=COUNTA(Tbl_Companies[Company ID]),IFERROR(Companies!S13,""),"") | H35: =IF(ROW()-25<=COUNTA(Tbl_Companies[Company ID]),IFERROR(Companies!U13,""),"")
B36: =IF(ROW()-25<=COUNTA(Tbl_Companies[Company ID]),IFERROR(Companies!C14,""),"") | C36: =IF(ROW()-25<=COUNTA(Tbl_Companies[Company ID]),IFERROR(Companies!M14,""),"") | D36: =IF(ROW()-25<=COUNTA(Tbl_Companies[Company ID]),IFERROR(Companies!O14,""),"") | E36: =IF(ROW()-25<=COUNTA(Tbl_Companies[Company ID]),IFERROR(Companies!P14,""),"") | F36: =IF(ROW()-25<=COUNTA(Tbl_Companies[Company ID]),IFERROR(Companies!Q14,""),"") | G36: =IF(ROW()-25<=COUNTA(Tbl_Companies[Company ID]),IFERROR(Companies!S14,""),"") | H36: =IF(ROW()-25<=COUNTA(Tbl_Companies[Company ID]),IFERROR(Companies!U14,""),"")
B37: =IF(ROW()-25<=COUNTA(Tbl_Companies[Company ID]),IFERROR(Companies!C15,""),"") | C37: =IF(ROW()-25<=COUNTA(Tbl_Companies[Company ID]),IFERROR(Companies!M15,""),"") | D37: =IF(ROW()-25<=COUNTA(Tbl_Companies[Company ID]),IFERROR(Companies!O15,""),"") | E37: =IF(ROW()-25<=COUNTA(Tbl_Companies[Company ID]),IFERROR(Companies!P15,""),"") | F37: =IF(ROW()-25<=COUNTA(Tbl_Companies[Company ID]),IFERROR(Companies!Q15,""),"") | G37: =IF(ROW()-25<=COUNTA(Tbl_Companies[Company ID]),IFERROR(Companies!S15,""),"") | H37: =IF(ROW()-25<=COUNTA(Tbl_Companies[Company ID]),IFERROR(Companies!U15,""),"")
... B50: =IF(ROW()-25<=COUNTA(Tbl_Companies[Company ID]),IFERROR(Companies!C28,""),"") | C50: =IF(ROW()-25<=COUNTA(Tbl_Companies[Company ID]),IFERROR(Companies!M28,""),"") | D50: =IF(ROW()-25<=COUNTA(Tbl_Companies[Company ID]),IFERROR(Companies!O28,""),"") | E50: =IF(ROW()-25<=COUNTA(Tbl_Companies[Company ID]),IFERROR(Companies!P28,""),"") | F50: =IF(ROW()-25<=COUNTA(Tbl_Companies[Company ID]),IFERROR(Companies!Q28,""),"") | G50: =IF(ROW()-25<=COUNTA(Tbl_Companies[Company ID]),IFERROR(Companies!S28,""),"") | H50: =IF(ROW()-25<=COUNTA(Tbl_Companies[Company ID]),IFERROR(Companies!U28,""),"")

Sheet Lookups
B1: ⚙️ System Lookups — Master Reference Lists
B2: Add a value below to make it available in every dropdown that uses this list. Do not delete the header row.
B3: Departments | D3: Priority Levels | F3: Statuses | H3: Company Status | J3: Company Stage | L3: Task Types | N3: Currencies | P3: Time Categories | R3: Billable | T3: Employee Status
B4: Engineering | D4: Critical | F4: Not Started | H4: Active | J4: Idea | L4: Feature | N4: USD | P4: Deep Work | R4: Yes | T4: Active
B5: Product | D5: High | F5: In Progress | H5: Paused | J5: Pre-Launch | L5: Bug | N5: GBP | P5: Shallow Work | R5: No | T5: Inactive
B6: Design | D6: Medium | F6: Blocked | H6: Archived | J6: Launched | L6: Research | N6: EUR | P6: Meeting | T6: On Leave
B7: Marketing | D7: Low | F7: In Review | H7: Exploring | J7: Growth | L7: Admin | N7: PKR | P7: Admin
B8: Sales | F8: Completed | J8: Scaling | L8: Meeting | N8: AED | P8: Learning
B9: Finance | F9: Cancelled | J9: Mature | L9: Content | N9: INR
B10: Operations | F10: On Hold | L10: Design | N10: CAD
B11: Customer Success | L11: Ops | N11: AUD
B12: Legal
B13: HR

Sheet Companies
B1: 🏢 Companies — Master Registry
B2: One row per company. KPI columns (right side) are calculated automatically from Projects, Tasks, and Time Log.
B3: Company ID | C3: Company Name | D3: Legal Name | E3: Industry | F3: Business Type | G3: Website | H3: Email | I3: Phone | J3: Country | K3: Currency | L3: Founder | M3: Status | N3: Date Started | O3: Stage | P3: Employees | Q3: Total Projects | R3: Active Projects | S3: Open Tasks | T3: Completed Tasks | U3: Hours Logged | V3: Notes
B4: ="COMP-"&TEXT(SUBTOTAL(103,$C$4:C4),"0000") | C4: Nimbus Analytics | D4: Nimbus Analytics Inc. | E4: SaaS / Data | F4: B2B | G4: https://nimbusanalytics.io | H4: hello@nimbusanalytics.io | I4: +1 415 555 0134 | J4: USA | K4: USD | L4: Humayra Shajahan | M4: Active | N4: 44936 | O4: Growth | P4: =COUNTIFS(Tbl_Employees[Primary Company],C4) | Q4: =COUNTIFS(Tbl_Projects[Company],C4) | R4: =COUNTIFS(Tbl_Projects[Company],C4,Tbl_Projects[Status],"<>Completed",Tbl_Projects[Status],"<>Cancelled") | S4: =COUNTIFS(Tbl_Tasks[Company],C4,Tbl_Tasks[Status],"<>Completed",Tbl_Tasks[Status],"<>Cancelled") | T4: =COUNTIFS(Tbl_Tasks[Company],C4,Tbl_Tasks[Status],"Completed") | U4: =ROUND(SUMIFS(Tbl_TimeLog[Total Hours],Tbl_TimeLog[Company],C4),1) | V4: Core analytics platform, main focus company.
B5: ="COMP-"&TEXT(SUBTOTAL(103,$C$4:C5),"0000") | C5: Kiln & Co | D5: Kiln & Co Ltd. | E5: D2C / Home Goods | F5: B2C | G5: https://kilnandco.com | H5: team@kilnandco.com | I5: +44 20 7946 0958 | J5: UK | K5: GBP | L5: Humayra Shajahan | M5: Active | N5: 45296 | O5: Launched | P5: =COUNTIFS(Tbl_Employees[Primary Company],C5) | Q5: =COUNTIFS(Tbl_Projects[Company],C5) | R5: =COUNTIFS(Tbl_Projects[Company],C5,Tbl_Projects[Status],"<>Completed",Tbl_Projects[Status],"<>Cancelled") | S5: =COUNTIFS(Tbl_Tasks[Company],C5,Tbl_Tasks[Status],"<>Completed",Tbl_Tasks[Status],"<>Cancelled") | T5: =COUNTIFS(Tbl_Tasks[Company],C5,Tbl_Tasks[Status],"Completed") | U5: =ROUND(SUMIFS(Tbl_TimeLog[Total Hours],Tbl_TimeLog[Company],C5),1) | V5: Ceramics & homeware brand, seasonal demand.
B6: ="COMP-"&TEXT(SUBTOTAL(103,$C$4:C6),"0000") | C6: Pathlight Tutors | D6: Pathlight Education LLC | E6: EdTech | F6: B2C | G6: https://pathlighttutors.com | H6: support@pathlighttutors.com | I6: +1 646 555 0192 | J6: USA | K6: USD | L6: Humayra Shajahan | M6: Exploring | N6: 45505 | O6: Pre-Launch | P6: =COUNTIFS(Tbl_Employees[Primary Company],C6) | Q6: =COUNTIFS(Tbl_Projects[Company],C6) | R6: =COUNTIFS(Tbl_Projects[Company],C6,Tbl_Projects[Status],"<>Completed",Tbl_Projects[Status],"<>Cancelled") | S6: =COUNTIFS(Tbl_Tasks[Company],C6,Tbl_Tasks[Status],"<>Completed",Tbl_Tasks[Status],"<>Cancelled") | T6: =COUNTIFS(Tbl_Tasks[Company],C6,Tbl_Tasks[Status],"Completed") | U6: =ROUND(SUMIFS(Tbl_TimeLog[Total Hours],Tbl_TimeLog[Company],C6),1) | V6: Early-stage tutoring marketplace, validating demand.

Sheet Employees
B1: 🧑‍💼 Employees — People Directory
B2: One row per person across all companies. Referenced by Projects, Tasks, and Time Log as Owner/Employee.
B3: Employee ID | C3: Name | D3: Email | E3: Role / Title | F3: Department | G3: Primary Company | H3: Status | I3: Start Date | J3: Open Tasks | K3: Hours Logged | L3: Skills | M3: Notes
B4: ="EMP-"&TEXT(SUBTOTAL(103,$C$4:C4),"0000") | C4: Humayra Shajahan | D4: humayrashajahan@gmail.com | E4: Founder / CEO | F4: Operations | G4: Nimbus Analytics | H4: Active | I4: 44936 | J4: =COUNTIFS(Tbl_Tasks[Owner],C4,Tbl_Tasks[Status],"<>Completed",Tbl_Tasks[Status],"<>Cancelled") | K4: =ROUND(SUMIFS(Tbl_TimeLog[Total Hours],Tbl_TimeLog[Employee],C4),1) | L4: Strategy, Fundraising, Product
B5: ="EMP-"&TEXT(SUBTOTAL(103,$C$4:C5),"0000") | C5: Ali Raza | D5: ali.raza@example.com | E5: Lead Engineer | F5: Engineering | G5: Nimbus Analytics | H5: Active | I5: 44986 | J5: =COUNTIFS(Tbl_Tasks[Owner],C5,Tbl_Tasks[Status],"<>Completed",Tbl_Tasks[Status],"<>Cancelled") | K5: =ROUND(SUMIFS(Tbl_TimeLog[Total Hours],Tbl_TimeLog[Employee],C5),1) | L5: Python, React, AWS
B6: ="EMP-"&TEXT(SUBTOTAL(103,$C$4:C6),"0000") | C6: Sara Khan | D6: sara.khan@example.com | E6: Product Designer | F6: Design | G6: Nimbus Analytics | H6: Active | I6: 45092 | J6: =COUNTIFS(Tbl_Tasks[Owner],C6,Tbl_Tasks[Status],"<>Completed",Tbl_Tasks[Status],"<>Cancelled") | K6: =ROUND(SUMIFS(Tbl_TimeLog[Total Hours],Tbl_TimeLog[Employee],C6),1) | L6: Figma, UX Research
B7: ="EMP-"&TEXT(SUBTOTAL(103,$C$4:C7),"0000") | C7: Bilal Ahmed | D7: bilal.ahmed@example.com | E7: Growth Marketer | F7: Marketing | G7: Kiln & Co | H7: Active | I7: 45296 | J7: =COUNTIFS(Tbl_Tasks[Owner],C7,Tbl_Tasks[Status],"<>Completed",Tbl_Tasks[Status],"<>Cancelled") | K7: =ROUND(SUMIFS(Tbl_TimeLog[Total Hours],Tbl_TimeLog[Employee],C7),1) | L7: SEO, Paid Ads, Content
B8: ="EMP-"&TEXT(SUBTOTAL(103,$C$4:C8),"0000") | C8: Nadia Farooq | D8: nadia.farooq@example.com | E8: Ops Manager | F8: Operations | G8: Kiln & Co | H8: Active | I8: 45342 | J8: =COUNTIFS(Tbl_Tasks[Owner],C8,Tbl_Tasks[Status],"<>Completed",Tbl_Tasks[Status],"<>Cancelled") | K8: =ROUND(SUMIFS(Tbl_TimeLog[Total Hours],Tbl_TimeLog[Employee],C8),1) | L8: Logistics, Vendor Mgmt
B9: ="EMP-"&TEXT(SUBTOTAL(103,$C$4:C9),"0000") | C9: Omar Siddiqui | D9: omar.siddiqui@example.com | E9: Full-Stack Engineer | F9: Engineering | G9: Pathlight Tutors | H9: Active | I9: 45505 | J9: =COUNTIFS(Tbl_Tasks[Owner],C9,Tbl_Tasks[Status],"<>Completed",Tbl_Tasks[Status],"<>Cancelled") | K9: =ROUND(SUMIFS(Tbl_TimeLog[Total Hours],Tbl_TimeLog[Employee],C9),1) | L9: Node.js, Postgres

Sheet Projects
B1: 📁 Projects
B2: One row per project. Hours and completion % roll up automatically from Tasks and Time Log.
B3: Project ID | C3: Company | D3: Project Name | E3: Description | F3: Priority | G3: Department | H3: Owner | I3: Status | J3: Start Date | K3: End Date | L3: Estimated Hours | M3: Actual Hours | N3: Remaining Hours | O3: Total Tasks | P3: Completed Tasks | Q3: Completion % | R3: Notes
B4: ="PROJ-"&TEXT(SUBTOTAL(103,$D$4:D4),"0000") | C4: Nimbus Analytics | D4: Analytics Dashboard v2 | E4: Rebuild core dashboard with faster queries. | F4: High | G4: Engineering | H4: Ali Raza | I4: In Progress | J4: 46143 | K4: 46266 | L4: 320 | M4: =ROUND(SUMIFS(Tbl_TimeLog[Total Hours],Tbl_TimeLog[Project],D4),1) | N4: =ROUND(MAX(0,L4-M4),1) | O4: =COUNTIFS(Tbl_Tasks[Project],D4) | P4: =COUNTIFS(Tbl_Tasks[Project],D4,Tbl_Tasks[Status],"Completed") | Q4: =IF(O4=0,0,P4/O4)
B5: ="PROJ-"&TEXT(SUBTOTAL(103,$D$4:D5),"0000") | C5: Nimbus Analytics | D5: Self-Serve Onboarding | E5: Reduce time-to-value for new signups. | F5: Critical | G5: Product | H5: Sara Khan | I5: In Progress | J5: 46188 | K5: 46264 | L5: 180 | M5: =ROUND(SUMIFS(Tbl_TimeLog[Total Hours],Tbl_TimeLog[Project],D5),1) | N5: =ROUND(MAX(0,L5-M5),1) | O5: =COUNTIFS(Tbl_Tasks[Project],D5) | P5: =COUNTIFS(Tbl_Tasks[Project],D5,Tbl_Tasks[Status],"Completed") | Q5: =IF(O5=0,0,P5/O5)
B6: ="PROJ-"&TEXT(SUBTOTAL(103,$D$4:D6),"0000") | C6: Nimbus Analytics | D6: SOC 2 Prep | E6: Get compliance docs and controls in place. | F6: Medium | G6: Operations | H6: Humayra Shajahan | I6: Not Started | J6: 46266 | K6: 46371 | L6: 120 | M6: =ROUND(SUMIFS(Tbl_TimeLog[Total Hours],Tbl_TimeLog[Project],D6),1) | N6: =ROUND(MAX(0,L6-M6),1) | O6: =COUNTIFS(Tbl_Tasks[Project],D6) | P6: =COUNTIFS(Tbl_Tasks[Project],D6,Tbl_Tasks[Status],"Completed") | Q6: =IF(O6=0,0,P6/O6)
B7: ="PROJ-"&TEXT(SUBTOTAL(103,$D$4:D7),"0000") | C7: Kiln & Co | D7: Winter Collection Launch | E7: Design, source, and launch winter line. | F7: High | G7: Marketing | H7: Bilal Ahmed | I7: In Progress | J7: 46174 | K7: 46296 | L7: 260 | M7: =ROUND(SUMIFS(Tbl_TimeLog[Total Hours],Tbl_TimeLog[Project],D7),1) | N7: =ROUND(MAX(0,L7-M7),1) | O7: =COUNTIFS(Tbl_Tasks[Project],D7) | P7: =COUNTIFS(Tbl_Tasks[Project],D7,Tbl_Tasks[Status],"Completed") | Q7: =IF(O7=0,0,P7/O7)
B8: ="PROJ-"&TEXT(SUBTOTAL(103,$D$4:D8),"0000") | C8: Kiln & Co | D8: Warehouse Automation | E8: Automate pick/pack workflow. | F8: Medium | G8: Operations | H8: Nadia Farooq | I8: In Progress | J8: 46204 | K8: 46327 | L8: 150 | M8: =ROUND(SUMIFS(Tbl_TimeLog[Total Hours],Tbl_TimeLog[Project],D8),1) | N8: =ROUND(MAX(0,L8-M8),1) | O8: =COUNTIFS(Tbl_Tasks[Project],D8) | P8: =COUNTIFS(Tbl_Tasks[Project],D8,Tbl_Tasks[Status],"Completed") | Q8: =IF(O8=0,0,P8/O8)
B9: ="PROJ-"&TEXT(SUBTOTAL(103,$D$4:D9),"0000") | C9: Pathlight Tutors | D9: MVP Marketplace Build | E9: Build tutor/student matching MVP. | F9: Critical | G9: Engineering | H9: Omar Siddiqui | I9: In Progress | J9: 46174 | K9: 46280 | L9: 400 | M9: =ROUND(SUMIFS(Tbl_TimeLog[Total Hours],Tbl_TimeLog[Project],D9),1) | N9: =ROUND(MAX(0,L9-M9),1) | O9: =COUNTIFS(Tbl_Tasks[Project],D9) | P9: =COUNTIFS(Tbl_Tasks[Project],D9,Tbl_Tasks[Status],"Completed") | Q9: =IF(O9=0,0,P9/O9)
B10: ="PROJ-"&TEXT(SUBTOTAL(103,$D$4:D10),"0000") | C10: Pathlight Tutors | D10: Market Validation Interviews | E10: Run 30 parent/tutor interviews. | F10: High | G10: Product | H10: Humayra Shajahan | I10: In Review | J10: 46143 | K10: 46218 | L10: 40 | M10: =ROUND(SUMIFS(Tbl_TimeLog[Total Hours],Tbl_TimeLog[Project],D10),1) | N10: =ROUND(MAX(0,L10-M10),1) | O10: =COUNTIFS(Tbl_Tasks[Project],D10) | P10: =COUNTIFS(Tbl_Tasks[Project],D10,Tbl_Tasks[Status],"Completed") | Q10: =IF(O10=0,0,P10/O10)

Sheet Tasks
B1: ✅ Tasks
B2: One row per task. Company is derived automatically from the selected Project. Overdue tasks are highlighted in red.
B3: Task ID | C3: Task Name | D3: Project | E3: Company | F3: Department | G3: Owner | H3: Task Type | I3: Priority | J3: Status | K3: Created Date | L3: Due Date | M3: Completed Date | N3: Estimated Hours | O3: Actual Hours | P3: Progress % | Q3: Notes
B4: ="TASK-"&TEXT(SUBTOTAL(103,$K$4:K4),"0000") | C4: Rewrite query layer for Postgres partitioning | D4: Analytics Dashboard v2 | E4: =IFERROR(INDEX(Tbl_Projects[Company],MATCH(D4,Tbl_Projects[Project Name],0)),"") | F4: Engineering | G4: Ali Raza | H4: Feature | I4: High | J4: In Progress | K4: 46174 | L4: 46235 | N4: 40 | O4: =ROUND(SUMIFS(Tbl_TimeLog[Total Hours],Tbl_TimeLog[Task],B4),1) | P4: =IF(J4="Completed",1,IF(OR(J4="Cancelled",N4=0),0,MIN(0.95,O4/N4)))
B5: ="TASK-"&TEXT(SUBTOTAL(103,$K$4:K5),"0000") | C5: Add caching layer for dashboard widgets | D5: Analytics Dashboard v2 | E5: =IFERROR(INDEX(Tbl_Projects[Company],MATCH(D5,Tbl_Projects[Project Name],0)),"") | F5: Engineering | G5: Ali Raza | H5: Feature | I5: Medium | J5: Not Started | K5: 46178 | L5: 46249 | N5: 24 | O5: =ROUND(SUMIFS(Tbl_TimeLog[Total Hours],Tbl_TimeLog[Task],B5),1) | P5: =IF(J5="Completed",1,IF(OR(J5="Cancelled",N5=0),0,MIN(0.95,O5/N5)))
B6: ="TASK-"&TEXT(SUBTOTAL(103,$K$4:K6),"0000") | C6: Fix chart rendering bug on Safari | D6: Analytics Dashboard v2 | E6: =IFERROR(INDEX(Tbl_Projects[Company],MATCH(D6,Tbl_Projects[Project Name],0)),"") | F6: Engineering | G6: Ali Raza | H6: Bug | I6: High | J6: Completed | K6: 46152 | L6: 46162 | M6: 46160 | N6: 6 | O6: =ROUND(SUMIFS(Tbl_TimeLog[Total Hours],Tbl_TimeLog[Task],B6),1) | P6: =IF(J6="Completed",1,IF(OR(J6="Cancelled",N6=0),0,MIN(0.95,O6/N6)))
B7: ="TASK-"&TEXT(SUBTOTAL(103,$K$4:K7),"0000") | C7: Redesign signup flow wireframes | D7: Self-Serve Onboarding | E7: =IFERROR(INDEX(Tbl_Projects[Company],MATCH(D7,Tbl_Projects[Project Name],0)),"") | F7: Design | G7: Sara Khan | H7: Design | I7: Critical | J7: Completed | K7: 46189 | L7: 46198 | M7: 46197 | N7: 16 | O7: =ROUND(SUMIFS(Tbl_TimeLog[Total Hours],Tbl_TimeLog[Task],B7),1) | P7: =IF(J7="Completed",1,IF(OR(J7="Cancelled",N7=0),0,MIN(0.95,O7/N7)))
B8: ="TASK-"&TEXT(SUBTOTAL(103,$K$4:K8),"0000") | C8: Build interactive product tour | D8: Self-Serve Onboarding | E8: =IFERROR(INDEX(Tbl_Projects[Company],MATCH(D8,Tbl_Projects[Project Name],0)),"") | F8: Engineering | G8: Ali Raza | H8: Feature | I8: High | J8: In Progress | K8: 46199 | L8: 46244 | N8: 32 | O8: =ROUND(SUMIFS(Tbl_TimeLog[Total Hours],Tbl_TimeLog[Task],B8),1) | P8: =IF(J8="Completed",1,IF(OR(J8="Cancelled",N8=0),0,MIN(0.95,O8/N8)))
B9: ="TASK-"&TEXT(SUBTOTAL(103,$K$4:K9),"0000") | C9: Write onboarding email sequence | D9: Self-Serve Onboarding | E9: =IFERROR(INDEX(Tbl_Projects[Company],MATCH(D9,Tbl_Projects[Project Name],0)),"") | F9: Marketing | G9: Bilal Ahmed | H9: Content | I9: Medium | J9: In Review | K9: 46204 | L9: 46223 | N9: 10 | O9: =ROUND(SUMIFS(Tbl_TimeLog[Total Hours],Tbl_TimeLog[Task],B9),1) | P9: =IF(J9="Completed",1,IF(OR(J9="Cancelled",N9=0),0,MIN(0.95,O9/N9)))
B10: ="TASK-"&TEXT(SUBTOTAL(103,$K$4:K10),"0000") | C10: Draft security policy documents | D10: SOC 2 Prep | E10: =IFERROR(INDEX(Tbl_Projects[Company],MATCH(D10,Tbl_Projects[Project Name],0)),"") | F10: Operations | G10: Humayra Shajahan | H10: Admin | I10: Medium | J10: Not Started | K10: 46266 | L10: 46295 | N10: 20 | O10: =ROUND(SUMIFS(Tbl_TimeLog[Total Hours],Tbl_TimeLog[Task],B10),1) | P10: =IF(J10="Completed",1,IF(OR(J10="Cancelled",N10=0),0,MIN(0.95,O10/N10)))
B11: ="TASK-"&TEXT(SUBTOTAL(103,$K$4:K11),"0000") | C11: Photograph winter collection lookbook | D11: Winter Collection Launch | E11: =IFERROR(INDEX(Tbl_Projects[Company],MATCH(D11,Tbl_Projects[Project Name],0)),"") | F11: Marketing | G11: Bilal Ahmed | H11: Content | I11: High | J11: In Progress | K11: 46204 | L11: 46228 | N11: 18 | O11: =ROUND(SUMIFS(Tbl_TimeLog[Total Hours],Tbl_TimeLog[Task],B11),1) | P11: =IF(J11="Completed",1,IF(OR(J11="Cancelled",N11=0),0,MIN(0.95,O11/N11)))
B12: ="TASK-"&TEXT(SUBTOTAL(103,$K$4:K12),"0000") | C12: Negotiate supplier pricing for glaze materials | D12: Winter Collection Launch | E12: =IFERROR(INDEX(Tbl_Projects[Company],MATCH(D12,Tbl_Projects[Project Name],0)),"") | F12: Operations | G12: Nadia Farooq | H12: Ops | I12: High | J12: In Progress | K12: 46193 | L12: 46233 | N12: 12 | O12: =ROUND(SUMIFS(Tbl_TimeLog[Total Hours],Tbl_TimeLog[Task],B12),1) | P12: =IF(J12="Completed",1,IF(OR(J12="Cancelled",N12=0),0,MIN(0.95,O12/N12)))
B13: ="TASK-"&TEXT(SUBTOTAL(103,$K$4:K13),"0000") | C13: Launch paid social campaign | D13: Winter Collection Launch | E13: =IFERROR(INDEX(Tbl_Projects[Company],MATCH(D13,Tbl_Projects[Project Name],0)),"") | F13: Marketing | G13: Bilal Ahmed | H13: Ops | I13: Critical | J13: Not Started | K13: 46249 | L13: 46280 | N13: 20 | O13: =ROUND(SUMIFS(Tbl_TimeLog[Total Hours],Tbl_TimeLog[Task],B13),1) | P13: =IF(J13="Completed",1,IF(OR(J13="Cancelled",N13=0),0,MIN(0.95,O13/N13)))
B14: ="TASK-"&TEXT(SUBTOTAL(103,$K$4:K14),"0000") | C14: Map current pick/pack workflow | D14: Warehouse Automation | E14: =IFERROR(INDEX(Tbl_Projects[Company],MATCH(D14,Tbl_Projects[Project Name],0)),"") | F14: Operations | G14: Nadia Farooq | H14: Research | I14: Medium | J14: Completed | K14: 46204 | L14: 46213 | M14: 46212 | N14: 14 | O14: =ROUND(SUMIFS(Tbl_TimeLog[Total Hours],Tbl_TimeLog[Task],B14),1) | P14: =IF(J14="Completed",1,IF(OR(J14="Cancelled",N14=0),0,MIN(0.95,O14/N14)))
B15: ="TASK-"&TEXT(SUBTOTAL(103,$K$4:K15),"0000") | C15: Evaluate 3 warehouse automation vendors | D15: Warehouse Automation | E15: =IFERROR(INDEX(Tbl_Projects[Company],MATCH(D15,Tbl_Projects[Project Name],0)),"") | F15: Operations | G15: Nadia Farooq | H15: Research | I15: Medium | J15: In Progress | K15: 46214 | L15: 46239 | N15: 18 | O15: =ROUND(SUMIFS(Tbl_TimeLog[Total Hours],Tbl_TimeLog[Task],B15),1) | P15: =IF(J15="Completed",1,IF(OR(J15="Cancelled",N15=0),0,MIN(0.95,O15/N15)))
B16: ="TASK-"&TEXT(SUBTOTAL(103,$K$4:K16),"0000") | C16: Build tutor profile + search UI | D16: MVP Marketplace Build | E16: =IFERROR(INDEX(Tbl_Projects[Company],MATCH(D16,Tbl_Projects[Project Name],0)),"") | F16: Engineering | G16: Omar Siddiqui | H16: Feature | I16: Critical | J16: In Progress | K16: 46174 | L16: 46223 | N16: 60 | O16: =ROUND(SUMIFS(Tbl_TimeLog[Total Hours],Tbl_TimeLog[Task],B16),1) | P16: =IF(J16="Completed",1,IF(OR(J16="Cancelled",N16=0),0,MIN(0.95,O16/N16)))
B17: ="TASK-"&TEXT(SUBTOTAL(103,$K$4:K17),"0000") | C17: Implement booking + payments flow | D17: MVP Marketplace Build | E17: =IFERROR(INDEX(Tbl_Projects[Company],MATCH(D17,Tbl_Projects[Project Name],0)),"") | F17: Engineering | G17: Omar Siddiqui | H17: Feature | I17: Critical | J17: Not Started | K17: 46224 | L17: 46266 | N17: 80 | O17: =ROUND(SUMIFS(Tbl_TimeLog[Total Hours],Tbl_TimeLog[Task],B17),1) | P17: =IF(J17="Completed",1,IF(OR(J17="Cancelled",N17=0),0,MIN(0.95,O17/N17)))
B18: ="TASK-"&TEXT(SUBTOTAL(103,$K$4:K18),"0000") | C18: Set up automated background checks | D18: MVP Marketplace Build | E18: =IFERROR(INDEX(Tbl_Projects[Company],MATCH(D18,Tbl_Projects[Project Name],0)),"") | F18: Operations | G18: Omar Siddiqui | H18: Ops | I18: High | J18: Not Started | K18: 46235 | L18: 46275 | N18: 16 | O18: =ROUND(SUMIFS(Tbl_TimeLog[Total Hours],Tbl_TimeLog[Task],B18),1) | P18: =IF(J18="Completed",1,IF(OR(J18="Cancelled",N18=0),0,MIN(0.95,O18/N18)))
B19: ="TASK-"&TEXT(SUBTOTAL(103,$K$4:K19),"0000") | C19: Interview 15 parents on tutoring pain points | D19: Market Validation Interviews | E19: =IFERROR(INDEX(Tbl_Projects[Company],MATCH(D19,Tbl_Projects[Project Name],0)),"") | F19: Product | G19: Humayra Shajahan | H19: Research | I19: High | J19: Completed | K19: 46143 | L19: 46174 | M19: 46172 | N19: 20 | O19: =ROUND(SUMIFS(Tbl_TimeLog[Total Hours],Tbl_TimeLog[Task],B19),1) | P19: =IF(J19="Completed",1,IF(OR(J19="Cancelled",N19=0),0,MIN(0.95,O19/N19)))
B20: ="TASK-"&TEXT(SUBTOTAL(103,$K$4:K20),"0000") | C20: Interview 15 tutors on marketplace expectations | D20: Market Validation Interviews | E20: =IFERROR(INDEX(Tbl_Projects[Company],MATCH(D20,Tbl_Projects[Project Name],0)),"") | F20: Product | G20: Humayra Shajahan | H20: Research | I20: High | J20: In Review | K20: 46175 | L20: 46218 | N20: 20 | O20: =ROUND(SUMIFS(Tbl_TimeLog[Total Hours],Tbl_TimeLog[Task],B20),1) | P20: =IF(J20="Completed",1,IF(OR(J20="Cancelled",N20=0),0,MIN(0.95,O20/N20)))

Sheet Time_Log
B1: ⏱️ Time Log
B2: One row per work session. Task Name/Project/Company auto-fill from the selected Task.
B3: Log ID | C3: Task | D3: Task Name | E3: Project | F3: Company | G3: Employee | H3: Date | I3: Start Time | J3: End Time | K3: Break (min) | L3: Total Hours | M3: Billable | N3: Category | O3: Notes
B4: ="TL-"&TEXT(SUBTOTAL(103,$H$4:H4),"0000") | C4: TASK-0001 | D4: =IFERROR(INDEX(Tbl_Tasks[Task Name],MATCH(C4,Tbl_Tasks[Task ID],0)),"") | E4: =IFERROR(INDEX(Tbl_Tasks[Project],MATCH(C4,Tbl_Tasks[Task ID],0)),"") | F4: =IFERROR(INDEX(Tbl_Tasks[Company],MATCH(C4,Tbl_Tasks[Task ID],0)),"") | G4: Ali Raza | H4: 46223 | I4: 0.375 | J4: 0.52083333 | K4: 15 | L4: =ROUND(MAX(0,((J4-I4)*24)-(K4/60)),2) | M4: Yes | N4: Deep Work | O4: Query layer refactor
B5: ="TL-"&TEXT(SUBTOTAL(103,$H$4:H5),"0000") | C5: TASK-0001 | D5: =IFERROR(INDEX(Tbl_Tasks[Task Name],MATCH(C5,Tbl_Tasks[Task ID],0)),"") | E5: =IFERROR(INDEX(Tbl_Tasks[Project],MATCH(C5,Tbl_Tasks[Task ID],0)),"") | F5: =IFERROR(INDEX(Tbl_Tasks[Company],MATCH(C5,Tbl_Tasks[Task ID],0)),"") | G5: Ali Raza | H5: 46224 | I5: 0.38541667 | J5: 0.54166667 | K5: 15 | L5: =ROUND(MAX(0,((J5-I5)*24)-(K5/60)),2) | M5: Yes | N5: Deep Work | O5: Partition testing
B6: ="TL-"&TEXT(SUBTOTAL(103,$H$4:H6),"0000") | C6: TASK-0002 | D6: =IFERROR(INDEX(Tbl_Tasks[Task Name],MATCH(C6,Tbl_Tasks[Task ID],0)),"") | E6: =IFERROR(INDEX(Tbl_Tasks[Project],MATCH(C6,Tbl_Tasks[Task ID],0)),"") | F6: =IFERROR(INDEX(Tbl_Tasks[Company],MATCH(C6,Tbl_Tasks[Task ID],0)),"") | G6: Ali Raza | H6: 46225 | I6: 0.41666667 | J6: 0.5 | K6: 0 | L6: =ROUND(MAX(0,((J6-I6)*24)-(K6/60)),2) | M6: Yes | N6: Deep Work | O6: Cache design spike
B7: ="TL-"&TEXT(SUBTOTAL(103,$H$4:H7),"0000") | C7: TASK-0003 | D7: =IFERROR(INDEX(Tbl_Tasks[Task Name],MATCH(C7,Tbl_Tasks[Task ID],0)),"") | E7: =IFERROR(INDEX(Tbl_Tasks[Project],MATCH(C7,Tbl_Tasks[Task ID],0)),"") | F7: =IFERROR(INDEX(Tbl_Tasks[Company],MATCH(C7,Tbl_Tasks[Task ID],0)),"") | G7: Ali Raza | H7: 46159 | I7: 0.58333333 | J7: 0.75 | K7: 15 | L7: =ROUND(MAX(0,((J7-I7)*24)-(K7/60)),2) | M7: Yes | N7: Deep Work | O7: Safari bug repro + fix
B8: ="TL-"&TEXT(SUBTOTAL(103,$H$4:H8),"0000") | C8: TASK-0004 | D8: =IFERROR(INDEX(Tbl_Tasks[Task Name],MATCH(C8,Tbl_Tasks[Task ID],0)),"") | E8: =IFERROR(INDEX(Tbl_Tasks[Project],MATCH(C8,Tbl_Tasks[Task ID],0)),"") | F8: =IFERROR(INDEX(Tbl_Tasks[Company],MATCH(C8,Tbl_Tasks[Task ID],0)),"") | G8: Sara Khan | H8: 46191 | I8: 0.375 | J8: 0.54166667 | K8: 15 | L8: =ROUND(MAX(0,((J8-I8)*24)-(K8/60)),2) | M8: Yes | N8: Deep Work | O8: Wireframes v1
B9: ="TL-"&TEXT(SUBTOTAL(103,$H$4:H9),"0000") | C9: TASK-0004 | D9: =IFERROR(INDEX(Tbl_Tasks[Task Name],MATCH(C9,Tbl_Tasks[Task ID],0)),"") | E9: =IFERROR(INDEX(Tbl_Tasks[Project],MATCH(C9,Tbl_Tasks[Task ID],0)),"") | F9: =IFERROR(INDEX(Tbl_Tasks[Company],MATCH(C9,Tbl_Tasks[Task ID],0)),"") | G9: Sara Khan | H9: 46193 | I9: 0.375 | J9: 0.5 | K9: 0 | L9: =ROUND(MAX(0,((J9-I9)*24)-(K9/60)),2) | M9: Yes | N9: Deep Work | O9: Wireframes v2 + review
B10: ="TL-"&TEXT(SUBTOTAL(103,$H$4:H10),"0000") | C10: TASK-0005 | D10: =IFERROR(INDEX(Tbl_Tasks[Task Name],MATCH(C10,Tbl_Tasks[Task ID],0)),"") | E10: =IFERROR(INDEX(Tbl_Tasks[Project],MATCH(C10,Tbl_Tasks[Task ID],0)),"") | F10: =IFERROR(INDEX(Tbl_Tasks[Company],MATCH(C10,Tbl_Tasks[Task ID],0)),"") | G10: Ali Raza | H10: 46227 | I10: 0.375 | J10: 0.5 | K10: 0 | L10: =ROUND(MAX(0,((J10-I10)*24)-(K10/60)),2) | M10: Yes | N10: Deep Work | O10: Product tour scaffolding
B11: ="TL-"&TEXT(SUBTOTAL(103,$H$4:H11),"0000") | C11: TASK-0006 | D11: =IFERROR(INDEX(Tbl_Tasks[Task Name],MATCH(C11,Tbl_Tasks[Task ID],0)),"") | E11: =IFERROR(INDEX(Tbl_Tasks[Project],MATCH(C11,Tbl_Tasks[Task ID],0)),"") | F11: =IFERROR(INDEX(Tbl_Tasks[Company],MATCH(C11,Tbl_Tasks[Task ID],0)),"") | G11: Bilal Ahmed | H11: 46213 | I11: 0.41666667 | J11: 0.52083333 | K11: 15 | L11: =ROUND(MAX(0,((J11-I11)*24)-(K11/60)),2) | M11: Yes | N11: Shallow Work | O11: Email copy draft
B12: ="TL-"&TEXT(SUBTOTAL(103,$H$4:H12),"0000") | C12: TASK-0008 | D12: =IFERROR(INDEX(Tbl_Tasks[Task Name],MATCH(C12,Tbl_Tasks[Task ID],0)),"") | E12: =IFERROR(INDEX(Tbl_Tasks[Project],MATCH(C12,Tbl_Tasks[Task ID],0)),"") | F12: =IFERROR(INDEX(Tbl_Tasks[Company],MATCH(C12,Tbl_Tasks[Task ID],0)),"") | G12: Bilal Ahmed | H12: 46218 | I12: 0.375 | J12: 0.58333333 | K12: 30 | L12: =ROUND(MAX(0,((J12-I12)*24)-(K12/60)),2) | M12: Yes | N12: Shallow Work | O12: Product shoot day 1
B13: ="TL-"&TEXT(SUBTOTAL(103,$H$4:H13),"0000") | C13: TASK-0008 | D13: =IFERROR(INDEX(Tbl_Tasks[Task Name],MATCH(C13,Tbl_Tasks[Task ID],0)),"") | E13: =IFERROR(INDEX(Tbl_Tasks[Project],MATCH(C13,Tbl_Tasks[Task ID],0)),"") | F13: =IFERROR(INDEX(Tbl_Tasks[Company],MATCH(C13,Tbl_Tasks[Task ID],0)),"") | G13: Bilal Ahmed | H13: 46219 | I13: 0.375 | J13: 0.54166667 | K13: 15 | L13: =ROUND(MAX(0,((J13-I13)*24)-(K13/60)),2) | M13: Yes | N13: Shallow Work | O13: Product shoot day 2
B14: ="TL-"&TEXT(SUBTOTAL(103,$H$4:H14),"0000") | C14: TASK-0009 | D14: =IFERROR(INDEX(Tbl_Tasks[Task Name],MATCH(C14,Tbl_Tasks[Task ID],0)),"") | E14: =IFERROR(INDEX(Tbl_Tasks[Project],MATCH(C14,Tbl_Tasks[Task ID],0)),"") | F14: =IFERROR(INDEX(Tbl_Tasks[Company],MATCH(C14,Tbl_Tasks[Task ID],0)),"") | G14: Nadia Farooq | H14: 46208 | I14: 0.54166667 | J14: 0.66666667 | K14: 0 | L14: =ROUND(MAX(0,((J14-I14)*24)-(K14/60)),2) | M14: Yes | N14: Meeting | O14: Supplier call - glaze pricing
B15: ="TL-"&TEXT(SUBTOTAL(103,$H$4:H15),"0000") | C15: TASK-0011 | D15: =IFERROR(INDEX(Tbl_Tasks[Task Name],MATCH(C15,Tbl_Tasks[Task ID],0)),"") | E15: =IFERROR(INDEX(Tbl_Tasks[Project],MATCH(C15,Tbl_Tasks[Task ID],0)),"") | F15: =IFERROR(INDEX(Tbl_Tasks[Company],MATCH(C15,Tbl_Tasks[Task ID],0)),"") | G15: Nadia Farooq | H15: 46206 | I15: 0.375 | J15: 0.5 | K15: 0 | L15: =ROUND(MAX(0,((J15-I15)*24)-(K15/60)),2) | M15: Yes | N15: Deep Work | O15: Workflow mapping
... B21: ="TL-"&TEXT(SUBTOTAL(103,$H$4:H21),"0000") | C21: TASK-0017 | D21: =IFERROR(INDEX(Tbl_Tasks[Task Name],MATCH(C21,Tbl_Tasks[Task ID],0)),"") | E21: =IFERROR(INDEX(Tbl_Tasks[Project],MATCH(C21,Tbl_Tasks[Task ID],0)),"") | F21: =IFERROR(INDEX(Tbl_Tasks[Company],MATCH(C21,Tbl_Tasks[Task ID],0)),"") | G21: Humayra Shajahan | H21: 46208 | I21: 0.375 | J21: 0.47916667 | K21: 15 | L21: =ROUND(MAX(0,((J21-I21)*24)-(K21/60)),2) | M21: No | N21: Meeting | O21: Tutor interviews batch 1
